team,market,odds,model_prob,implied_prob,EV,edge
South Africa,final,251.0,0.0226,0.004,4.6726,0.0186
Tunisia,final,151.0,0.0269,0.0066,3.0619,0.0203
Australia,final,126.0,0.0311,0.0079,2.9186,0.0232
Paraguay,final,51.0,0.0558,0.0196,1.8458,0.0362
Ecuador,final,29.0,0.0886,0.0345,1.5694,0.0541
Croatia,final,41.0,0.062,0.0244,1.542,0.0376
Scotland,final,81.0,0.0304,0.0123,1.4624,0.0181
Colombia,final,21.0,0.1018,0.0476,1.1378,0.0542
Uzbekistan,final,401.0,0.0046,0.0025,0.8446,0.0021
Ivory Coast,final,101.0,0.0165,0.0099,0.6665,0.0066
Austria,final,67.0,0.0244,0.0149,0.6348,0.0095
Switzerland,final,41.0,0.0394,0.0244,0.6154,0.015
Denmark,final,51.0,0.0308,0.0196,0.5708,0.0112
South Korea,final,126.0,0.0116,0.0079,0.4616,0.0037
Japan,final,34.0,0.0377,0.0294,0.2818,0.0083
Uruguay,final,23.0,0.0553,0.0435,0.2719,0.0118
Canada,final,81.0,0.0153,0.0123,0.2393,0.003
Algeria,final,126.0,0.0098,0.0079,0.2348,0.0019
Morocco,final,26.0,0.0423,0.0385,0.0998,0.0038
Iran,final,126.0,0.0086,0.0079,0.0836,0.0007
Saudi Arabia,final,251.0,0.004,0.004,0.004,0.0
France,final,5.0,0.1937,0.2,-0.0315,-0.0063
Mexico,final,23.0,0.0401,0.0435,-0.0777,-0.0034
Argentina,final,5.0,0.1774,0.2,-0.113,-0.0226
Australia,group,1.9,0.4225,0.5263,-0.1973,-0.1038
Paraguay,group,1.4,0.5301,0.7143,-0.2579,-0.1842
France,group,1.04,0.6948,0.9615,-0.2774,-0.2667
England,group,1.02,0.7015,0.9804,-0.2845,-0.2789
Spain,group,1.02,0.6999,0.9804,-0.2861,-0.2805
England,final,3.75,0.1855,0.2667,-0.3044,-0.0812
South Africa,group,2.1,0.3241,0.4762,-0.3194,-0.1521
Senegal,final,41.0,0.016,0.0244,-0.344,-0.0084
Spain,final,3.25,0.2004,0.3077,-0.3487,-0.1073
Argentina,group,1.03,0.6297,0.9709,-0.3514,-0.3412
Brazil,group,1.02,0.6285,0.9804,-0.3589,-0.3519
Colombia,group,1.14,0.5574,0.8772,-0.3646,-0.3198
Ecuador,group,1.1,0.5677,0.9091,-0.3755,-0.3414
Brazil,final,5.0,0.1246,0.2,-0.377,-0.0754
Portugal,group,1.03,0.5955,0.9709,-0.3866,-0.3754
Croatia,group,1.25,0.4885,0.8,-0.3894,-0.3115
Portugal,final,6.0,0.1011,0.1667,-0.3934,-0.0656
Germany,group,1.03,0.5801,0.9709,-0.4025,-0.3908
Switzerland,group,1.17,0.5103,0.8547,-0.4029,-0.3444
Canada,group,1.44,0.4058,0.6944,-0.4156,-0.2886
Japan,group,1.44,0.3898,0.6944,-0.4387,-0.3046
Tunisia,group,1.8,0.2973,0.5556,-0.4649,-0.2583
Mexico,group,1.2,0.4449,0.8333,-0.4661,-0.3884
Norway,group,1.2,0.4333,0.8333,-0.48,-0.4
Scotland,group,1.29,0.3986,0.7752,-0.4858,-0.3766
Netherlands,group,1.1,0.4629,0.9091,-0.4908,-0.4462
Morocco,group,1.13,0.4404,0.885,-0.5023,-0.4446
Germany,final,6.5,0.0745,0.1538,-0.5157,-0.0793
Uruguay,group,1.17,0.4079,0.8547,-0.5228,-0.4468
Norway,final,11.0,0.0429,0.0909,-0.5281,-0.048
Senegal,group,1.5,0.3131,0.6667,-0.5304,-0.3536
Belgium,group,1.03,0.4407,0.9709,-0.5461,-0.5302
Iran,group,1.5,0.2995,0.6667,-0.5508,-0.3672
Egypt,final,101.0,0.0041,0.0099,-0.5859,-0.0058
South Korea,group,1.44,0.2844,0.6944,-0.5905,-0.41
Italy,final,15.0,0.0272,0.0667,-0.592,-0.0395
Austria,group,1.25,0.322,0.8,-0.5975,-0.478
United States,group,1.2,0.3245,0.8333,-0.6106,-0.5088
Netherlands,final,8.0,0.047,0.125,-0.624,-0.078
Cape Verde,final,401.0,0.0009,0.0025,-0.6391,-0.0016
Belgium,final,15.0,0.0234,0.0667,-0.649,-0.0433
Ivory Coast,group,1.22,0.2866,0.8197,-0.6503,-0.5331
Algeria,group,1.36,0.2562,0.7353,-0.6516,-0.4791
United States,final,29.0,0.0116,0.0345,-0.6636,-0.0229
Egypt,group,1.36,0.2436,0.7353,-0.6687,-0.4917
Uzbekistan,group,2.75,0.12,0.3636,-0.67,-0.2436
Turkey,final,67.0,0.0046,0.0149,-0.6918,-0.0103
Ukraine,final,101.0,0.0023,0.0099,-0.7677,-0.0076
Saudi Arabia,group,1.8,0.1116,0.5556,-0.7991,-0.444
Qatar,group,2.75,0.0698,0.3636,-0.8081,-0.2938
Ghana,final,101.0,0.0018,0.0099,-0.8182,-0.0081
Ghana,group,1.53,0.0968,0.6536,-0.8519,-0.5568
New Zealand,group,2.38,0.0421,0.4202,-0.8998,-0.3781
Jordan,final,501.0,0.0002,0.002,-0.8998,-0.0018
Cape Verde,group,2.63,0.037,0.3802,-0.9027,-0.3432
New Zealand,final,301.0,0.0003,0.0033,-0.9097,-0.003
DR Congo,final,201.0,0.0004,0.005,-0.9196,-0.0046
Jordan,group,3.4,0.0225,0.2941,-0.9235,-0.2716
Qatar,final,251.0,0.0003,0.004,-0.9247,-0.0037
Panama,group,2.75,0.0256,0.3636,-0.9296,-0.338
Curaçao,final,401.0,0.0001,0.0025,-0.9599,-0.0024
Panama,final,301.0,0.0001,0.0033,-0.9699,-0.0032
Haiti,group,8.0,0.003,0.125,-0.976,-0.122
Haiti,final,501.0,0.0,0.002,-1.0,-0.002
Iraq,final,301.0,0.0,0.0033,-1.0,-0.0033
